{
  "mean": [
    78.30881369075775,
    33.648011384773255,
    334.8796446159363,
    1.1186973383545875,
    1.1162654825799168,
    3.041824419593811,
    0.6480113847732544,
    5.314906353477222,
    0.26005,
    0.24855,
    0.2859,
    0.24475
  ],
  "scale": [
    21.310272363876113,
    1.9189103864426584,
    216.0940106411194,
    0.30443246202336816,
    0.7203133697885152,
    2.631168594834591,
    1.918910386442659,
    7.834507430413253,
    0.43866159793180065,
    0.4321723007088117,
    0.45184199672009084,
    0.4299388764697216
  ],
  "classes": [
    "Focused",
    "Relaxed",
    "Stressed",
    "Fatigued"
  ],
  "n_features": 12,
  "raw_mean": [
    78.30879974365234,
    33.6479377746582,
    334.8799133300781
  ],
  "raw_scale": [
    21.310253143310547,
    1.9189095497131348,
    216.09425354003906
  ]
}